date,Berkshire_Hathaway_return,BRK_13_F_public_stocks_holding_return,risk_free_return,market_excess_return,SMB,HML,QMJ,BAB
19761029,,,0.0041,-0.0242,0.0025,-0.0013,0.000291,0.009824
19761130,0.154412,,0.004,0.0036,0.0232,0.0151,-0.020044,0.003814
19761231,0.146497,,0.004,0.0565,0.0301,0.0222,-0.006284,0.032671
19770131,0,,0.0036,-0.0405,0.0478,0.0426,-0.020399,0.038325
19770228,0,,0.0035,-0.0195,0.0109,0.005,0.016226,0.028703
19770331,0.077778,,0.0038,-0.0137,0.0099,0.0102,-0.007488,0.013907
19770429,-0.010309,,0.0038,0.0015,-0.0012,0.0345,-0.018025,0.010063
19770531,0.0625,,0.0037,-0.0146,0.0118,0.0084,-0.0035,0.013097
19770630,0,,0.004,0.0471,0.0212,-0.0064,-0.005475,-0.003333
19770729,0,,0.0042,-0.0169,0.0212,-0.006,0.010826,0.027149
19770831,0.019608,,0.0044,-0.0175,0.0153,-0.028,0.026746,0.000745
19770930,0.043269,,0.0043,-0.0027,0.0144,-0.0048,0.005203,0.005246
19771031,0.041475,,0.0049,-0.0438,0.0127,0.0171,0.011158,0.003023
19771130,0.088496,,0.005,0.04,0.0371,0.0032,-0.003223,-0.001088
19771230,0.150407,,0.0049,0.0027,0.0133,-0.0035,0.002644,0.02138
19780131,-0.031802,,0.0049,-0.0601,0.0221,0.0332,-0.014121,-0.001501
19780228,0.00365,,0.0046,-0.0138,0.0358,0.0078,-0.000756,0.014401
19780331,0,,0.0053,0.0285,0.0347,0.0123,-0.017915,0.013362
19780428,0.105455,,0.0054,0.0788,0.004,-0.0355,0.027514,0.030344
19780531,0.151316,,0.0051,0.0176,0.0456,-0.0062,0.004764,0.018616
19780630,-0.028571,,0.0054,-0.0169,0.017,0.0058,-0.004126,0.020121
19780731,0,,0.0056,0.0511,0.0026,-0.0112,0.011756,0.004081
19780831,0.044118,,0.0056,0.0375,0.0507,-0.0046,0.001107,0.039833
19780929,0,,0.0062,-0.0143,-0.0039,0.0187,-0.007385,0.0217
19781031,0.061972,,0.0068,-0.1191,-0.0988,0.0136,0.03846,-0.027822
19781130,-0.092838,,0.007,0.0271,0.0301,-0.0222,-0.007244,-0.04489
19781229,-0.081871,,0.0078,0.0088,0.0125,-0.0219,0.023756,0.002269
19790131,0.019108,,0.0077,0.0423,0.0368,0.0225,-0.031697,0.036181
19790228,0.01875,,0.0073,-0.0356,0.0046,0.0118,-0.005354,0.011477
19790330,0.147239,,0.0081,0.0568,0.0318,-0.0067,-0.016304,-0.01652
19790430,0.037433,,0.008,-0.0006,0.0216,0.0107,0.005996,0.010334
19790531,0,,0.0082,-0.0221,0.0056,0.0193,-0.013237,-0.001559
19790629,0.198454,,0.0081,0.0385,0.0117,0.0147,-0.02317,0.014394
19790731,0.354839,,0.0077,0.0082,0.0127,0.017,0.004584,0.01414
19790831,0.126984,,0.0077,0.0553,0.0208,-0.0155,0.011436,0.020588
19790928,-0.028169,,0.0083,-0.0082,-0.0025,-0.0087,0.003407,0.005741
19791031,-0.173913,,0.0087,-0.081,-0.0333,-0.0186,0.024377,-0.04565
19791130,0.122807,,0.0099,0.0521,0.0275,-0.0325,-0.025984,-0.015274
19791231,0.03125,,0.0095,0.0179,0.0417,-0.0198,-0.013923,0.009077
19800131,0.045455,,0.008,0.0551,0.0164,0.018,-0.032921,0.023045
19800229,0,,0.0089,-0.0122,-0.0182,0.0062,-0.018702,-0.017493
19800331,-0.217391,,0.0121,-0.129,-0.0664,-0.0106,0.056665,-0.045675
19800430,0.074074,0.068192,0.0126,0.0397,0.0097,0.0106,-0.030625,0.021818
19800530,0.137931,0.092465,0.0081,0.0526,0.0215,0.0039,0.005952,0.037776
19800630,-0.060606,0.038221,0.0061,0.0306,0.0167,-0.0089,-0.008888,0.038122
19800731,0.129032,0.077582,0.0053,0.0649,0.0425,-0.063,0.033049,-0.011362
19800829,0.1,0.041391,0.0064,0.018,0.0392,-0.0264,-0.005928,0.015739
19800930,0.019481,0.017887,0.0075,0.0219,0.0089,-0.0479,0.017091,0.012989
19801031,0.076433,-0.007318,0.0095,0.0106,0.0247,-0.0274,0.003442,-0.002379
19801128,0.047337,0.014003,0.0096,0.0959,-0.0345,-0.0835,0.017829,-0.062747
19801231,-0.022599,-0.028346,0.0131,-0.0452,-0.0027,0.0268,0.01044,0.006284
19810130,0.017341,-0.007016,0.0104,-0.0504,0.03,0.0684,-0.006235,0.047749
19810227,0.119318,0.057777,0.0107,0.0056,-0.0031,0.0097,0.016084,0.018786
19810331,-0.005076,0.087513,0.0121,0.0356,0.0358,0.0067,-0.006853,0.033245
19810430,0.071429,0.033082,0.0108,-0.021,0.0442,0.0226,0.009847,0.054476
19810529,0.009524,0.049303,0.0115,0.0011,0.02,-0.0043,-0.018109,-0.003497
19810630,-0.023585,-0.032222,0.0135,-0.0236,-0.0085,0.0513,0.009696,0.050941
19810731,-0.048309,-0.001432,0.0124,-0.0154,-0.0219,-0.0065,0.006953,-0.012735
19810831,0,-0.002242,0.0128,-0.0703,-0.0195,0.0483,0.009692,0.021603
19810930,-0.045685,-0.053752,0.0124,-0.0717,-0.0266,0.0519,0.012437,-0.013902
19811030,0.095745,0.036284,0.0121,0.0492,0.0214,-0.0422,0.011358,-0.020999
19811130,0.145631,0.041653,0.0107,0.0336,-0.0097,0.019,0.009434,0.046033
19811231,-0.042373,0.027559,0.0087,-0.0365,0.0117,0.0074,0.021986,0.023294
19820129,-0.084071,-0.028971,0.008,-0.0324,-0.0128,0.0314,0.002874,-0.001481
19820226,0.009662,-0.045108,0.0092,-0.0586,0.0049,0.0608,-0.000641,0.030424
19820331,-0.066986,0.036024,0.0098,-0.0187,-0.0019,0.0378,-0.002938,0.017678
19820430,0.061538,0.03882,0.0113,0.0327,0.0151,-0.028,0.01589,0.013488
19820528,-0.009662,-0.024848,0.0106,-0.0399,0.0047,0.0182,0.012109,0.020159
19820630,-0.014634,-0.041834,0.0096,-0.0309,-0.004,0.0152,0.008256,-0.004828
19820730,-0.044554,0.007821,0.0105,-0.0319,0.0084,0.0016,0.015667,0.010995
19820831,0.020725,0.103246,0.0076,0.1114,-0.041,0.0116,-0.006987,-0.021523
19820930,0.13198,0.073182,0.0051,0.0129,0.0288,0.0034,0.026034,0.081615
19821029,0.116592,0.158159,0.0059,0.113,0.0235,-0.0368,-0.018926,0.027733
19821130,0.120482,0.091418,0.0063,0.0467,0.0477,-0.0196,0.015644,0.069561
19821231,0.121864,0.03009,0.0067,0.0055,-0.0018,0.0001,0.011288,0.028031
19830131,-0.01278,-0.005144,0.0069,0.036,0.027,-0.0086,-0.022702,0.026173
19830228,0.087379,0.054548,0.0062,0.0259,0.0324,0.0067,0.010462,0.079391
19830331,0.160714,0.06555,0.0063,0.0282,0.0177,0.0207,0.005024,0.064517
19830429,0.007692,0.096971,0.0071,0.0667,0.0053,0.006,-0.004736,0.047651
19830531,0.012723,0.038525,0.0069,0.0052,0.0615,-0.014,-0.02189,0.026744
19830630,-0.075377,-0.029334,0.0067,0.0307,0.009,-0.0386,0.018372,0.030021
19830729,0.040761,-0.01324,0.0074,-0.0407,0.0146,0.0562,0.001917,0.039215
19830831,0.075718,0.040882,0.0076,-0.005,-0.0429,0.0554,0.010785,-0.008894
19830930,0.208738,0.049905,0.0076,0.0092,0.0055,0.011,0.021551,0.037304
19831031,0.052209,0.014016,0.0076,-0.0344,-0.036,0.0506,0.020201,0.038744
19831130,0.041985,-0.011886,0.007,0.0216,0.0204,-0.0061,-0.008591,-0.001304
19831230,-0.029304,0.006011,0.0073,-0.0178,-0.003,0.0168,0.018991,0.014193
19840131,0.009434,0.037785,0.0076,-0.0192,-0.0043,0.0762,-0.025241,0.028228
19840229,-0.033645,-0.08813,0.0071,-0.0482,-0.017,0.0335,0.011131,-0.018654
19840330,-0.030948,0.026323,0.0073,0.0063,0.0007,0.0049,0.000691,-0.003514
19840430,0.007984,0.009173,0.0081,-0.0052,-0.0121,0.0129,0.033531,0.00297
19840531,0.029703,-0.005173,0.0078,-0.0597,0.0005,0.0024,0.031649,0.018381
19840629,-0.019231,0.045544,0.0075,0.0182,-0.0032,-0.0261,0.028028,0.006077
19840731,-0.017647,-0.042493,0.0082,-0.0274,-0.0221,0.0049,0.030367,0.025942
19840831,0.03992,0.12327,0.0083,0.1028,-0.0026,-0.0184,-0.018101,-0.000709
19840928,0.011516,0.021581,0.0086,-0.008,0.002,0.0532,-0.000125,0.042077
19841031,-0.003795,0.000753,0.01,-0.0084,-0.012,0.005,0.017745,0.026129
19841130,-0.015238,-0.037681,0.0073,-0.0176,-0.0062,0.0408,0.007032,0.014197
19841231,-0.003868,0.018296,0.0064,0.0184,-0.006,-0.0017,0.008118,0.004104
19850131,0.095146,0.075238,0.0065,0.0799,0.0328,-0.0543,-0.005117,0.014955
19850228,0.067376,0.077012,0.0058,0.0122,0.0076,-0.0012,0.016881,0.044327
19850329,0.217608,0.082656,0.0062,-0.0084,-0.0115,0.041,-0.00361,0.034094
19850430,0.00955,0.015883,0.0072,-0.0096,0.0014,0.0373,0.003783,0.038795
19850531,0.005405,0.047248,0.0066,0.0509,-0.0225,-0.0087,0.004946,0.017149
19850628,0.155914,0.023725,0.0055,0.0127,0.0061,0.0062,0.007962,0.030593
19850731,-0.018605,-0.024747,0.0062,-0.0074,0.0285,-0.0163,0.012181,-0.005221
19850830,-0.033175,0.012533,0.0055,-0.0102,-0.0034,0.0228,0.003441,0.007862
19850930,0.014706,0.061693,0.006,-0.0454,-0.0158,0.0132,0.028358,0.006011
19851031,0.2657,0.082823,0.0065,0.0402,-0.0157,0.0078,0.003512,0.022592
19851129,0.001908,0.027416,0.0061,0.0648,0.0023,-0.0287,0.01242,0.019622
19851231,-0.059048,0.024303,0.0065,0.0388,-0.0049,-0.0153,0.011644,0.036057
19860131,-0.087045,0.010553,0.0056,0.0065,0.0122,0.0053,-0.020081,0.016392
19860228,0.223947,0.077961,0.0053,0.0713,-0.0065,-0.0094,0.010401,0.040568
19860331,0.130435,0.046916,0.006,0.0488,-0.0052,-0.0044,0.005519,0.042362
19860430,-0.067308,-0.008258,0.0052,-0.0131,0.0285,-0.0285,0.021321,0.022073
19860530,-0.017182,0.026746,0.0049,0.0462,-0.0132,-0.0011,0.006329,0.028852
19860630,0.04021,0.024683,0.0052,0.0103,-0.0091,0.014,0.018888,0.047931
19860731,-0.05042,-0.028858,0.0052,-0.0645,-0.0338,0.0478,0.016002,0.016544
19860829,0.026549,0.058021,0.0046,0.0607,-0.0417,0.0352,-0.01952,-0.010397
19860930,-0.094828,-0.065406,0.0045,-0.086,0.0228,0.0319,-0.009055,-0.023616
19861031,0.095238,0.029417,0.0046,0.0466,-0.0248,-0.0132,0.00363,-0.01086
19861128,-0.046957,0.033277,0.0039,0.0117,-0.0192,-0.0006,0.022099,-0.013433
19861231,0.029197,-0.012811,0.0049,-0.0327,0.0008,0.0037,0.009835,-0.02318
19870130,0.099291,0.11086,0.0042,0.1247,-0.0181,-0.0318,0.007349,0.036105
19870227,0.083871,0.092059,0.0043,0.0439,0.0349,-0.0599,0.002778,-0.002642
19870331,0.047619,0.019991,0.0047,0.0164,0.0037,0.0165,-0.007798,0.047381
19870430,-0.039773,-0.005856,0.0044,-0.0211,-0.0169,-0.0033,0.004882,0.001789
19870529,0.008876,0.023548,0.0038,0.0011,-0.0053,0.0013,0.002686,-0.004528
19870630,0.026393,0.073465,0.0048,0.0394,-0.0218,0.0107,0.012484,0.015722
19870731,0.131429,0.013995,0.0046,0.0385,-0.0064,0.0073,-0.005532,0.048983
19870831,0.007576,0.021576,0.0047,0.0352,-0.0074,-0.0095,0.030163,-0.0058
19870930,0.057644,0.024157,0.0045,-0.0259,0.0052,0.0029,-0.005121,0.003279
19871030,-0.212085,-0.209566,0.006,-0.2324,-0.0842,0.042,0.055013,-0.124268
19871130,-0.12782,-0.045048,0.0035,-0.0777,0.0276,0.0309,0.001022,0.044724
19871231,0.017241,0.081596,0.0039,0.0681,0.0013,-0.0446,0.020978,-0.093454
19880129,0.027119,0.003585,0.0029,0.0421,-0.007,0.0516,-0.016679,0.034127
19880229,0.039604,0.011061,0.0046,0.0475,0.0334,-0.0164,0.000631,-0.006846
19880331,0.087302,0.054584,0.0044,-0.0227,0.0615,0.0075,-0.014718,0.053087
19880429,0.10219,-0.000046,0.0046,0.0056,0.0095,0.0168,-0.000397,0.018761
19880531,0.039735,-0.053454,0.0051,-0.0029,-0.0265,0.0228,0.010441,0.008147
19880630,0.057325,0.03355,0.0049,0.0479,0.0212,-0.011,-0.00068,-0.006332
19880729,0.048193,-0.0143,0.0051,-0.0125,-0.0021,0.0227,-0.004097,0.015636
19880831,-0.005747,0.00232,0.0059,-0.0331,0.0004,0.0203,0.000365,0.014214
19880930,0.109827,0.081549,0.0062,0.033,-0.0125,-0.0068,0.014981,-0.019466
19881031,-0.015625,0.009692,0.0061,0.0115,-0.029,0.0171,0.003858,0.001797
19881130,-0.005291,-0.023289,0.0057,-0.0229,-0.0174,0.0124,0.004806,-0.013249
19881230,0,0.023495,0.0063,0.0149,0.0195,-0.0156,0.006938,-0.025523
19890131,0.047872,0.026422,0.0055,0.061,-0.0214,0.0051,-0.014967,0.006673
19890228,-0.040609,-0.01325,0.0061,-0.0225,0.0276,0.0088,-0.005518,0.009896
19890331,0.047619,0.040425,0.0067,0.0157,0.0073,0.0047,-0.006685,0.020246
19890428,0.267677,0.084745,0.0067,0.0433,-0.0058,-0.0146,0.017103,0.006421
19890531,0.023904,0.024198,0.0079,0.0335,-0.0004,-0.0083,0.007589,-0.004487
19890630,0.023346,0.069164,0.0071,-0.0135,-0.0102,0.0219,-0.009946,0.019753
19890731,0.140684,0.124252,0.007,0.072,-0.0402,-0.0283,0.015958,0.010208
19890831,0.063333,-0.002099,0.0074,0.0144,0.005,0.0072,-0.002779,0.006537
19890929,0.081505,0.026246,0.0065,-0.0076,0.0028,-0.0134,0.002694,0.002305
19891031,-0.013333,0.022853,0.0068,-0.0367,-0.033,-0.0103,0.032399,0.006066
19891130,-0.030552,0.007013,0.0069,0.0103,-0.0124,-0.0112,0.001538,0.012119
19891229,0.051515,0.011451,0.0061,0.0116,-0.0241,0.0028,0.013292,-0.008878
19900131,-0.140634,-0.083025,0.0057,-0.0785,-0.0129,0.0087,0.003458,-0.000646
19900228,-0.030852,0.005122,0.0057,0.0111,0.0103,0.0061,-0.006174,-0.013466
19900330,-0.069204,0.024934,0.0064,0.0183,0.0152,-0.029,0.017435,-0.00191
19900430,-0.003717,0.024525,0.0069,-0.0336,-0.005,-0.0255,0.026075,-0.023644
19900531,0.067164,0.094214,0.0068,0.0842,-0.0257,-0.0374,0.002063,-0.020453
19900629,0.006993,0.027136,0.0063,-0.0109,0.0143,-0.0194,0.016584,0.010392
19900731,-0.027778,-0.05329,0.0068,-0.019,-0.0321,-0.0002,0.019482,0.005869
19900831,-0.085714,-0.086323,0.0066,-0.1015,-0.0358,0.0159,0.010116,-0.016475
19900928,-0.082031,-0.045995,0.006,-0.0612,-0.0367,0.0073,0.037497,0.002542
19901031,0.012766,-0.028659,0.0068,-0.0192,-0.0552,0.0025,0.045106,-0.039361
19901130,0.066387,0.093739,0.0057,0.0635,0.0033,-0.0316,-0.004961,-0.049098
19901231,0.052009,0.043814,0.006,0.0246,0.0081,-0.0156,0.02774,-0.015466
19910131,0.108614,0.035791,0.0052,0.0469,0.038,-0.0185,-0.00299,-0.068202
19910228,0.091216,0.06455,0.0048,0.0719,0.0394,-0.0053,-0.014545,0.00675
19910328,-0.006192,0.023036,0.0044,0.0265,0.039,-0.0124,-0.005468,0.007012
19910430,0.012461,0.018202,0.0053,-0.0028,0.0051,0.0141,-0.000514,0.048121
19910531,0.076923,0.02607,0.0047,0.0365,-0.0034,-0.0057,-0.002568,0.013697
19910628,-0.04,-0.052715,0.0042,-0.0494,0.0006,0.0122,0.024499,0.025
19910731,0.014881,0.076251,0.0049,0.0424,-0.0093,-0.0126,-0.00383,0.000458
19910830,0.029326,0.048651,0.0046,0.0232,0.016,-0.0079,-0.002007,0.012728
19910930,0.011396,-0.017878,0.0046,-0.0159,0.0163,-0.01,-0.011639,0.029126
19911031,-0.034366,-0.006123,0.0042,0.0129,0.009,-0.0044,-0.011737,0.023103
19911129,-0.025671,0.001595,0.0039,-0.0419,-0.0048,-0.0193,0.034843,0.027223
19911231,0.083832,0.143228,0.0038,0.1084,-0.0223,-0.0404,0.017078,-0.035053
19920131,-0.022099,-0.023878,0.0034,-0.0059,0.0845,0.0453,-0.04529,0.049438
19920228,-0.014124,0.044497,0.0028,0.0109,0.0089,0.0637,-0.008897,0.037267
19920331,0.025788,0.000829,0.0034,-0.0266,-0.0104,0.0365,0.015206,0.023598
19920430,0.019553,0.014996,0.0032,0.0107,-0.0611,0.043,0.009768,0.00089
19920529,-0.00274,0.036263,0.0028,0.003,0.004,0.0127,0.000881,0.010956
19920630,0.013736,0.00203,0.0032,-0.0234,-0.0309,0.0341,0.013379,0.017871
19920731,0.03252,0.000295,0.0031,0.0377,-0.0044,-0.0053,0.011538,0.011916
19920831,-0.041995,0.041025,0.0026,-0.0238,-0.0011,-0.0104,0.034773,0.014083
19920930,0.030137,-0.023121,0.0026,0.0119,0.0056,-0.0021,0.006471,0.016863
19921030,0.007979,0.021767,0.0023,0.0102,0.0205,-0.021,0.016636,-0.002502
19921130,0.131926,0.012588,0.0023,0.0413,0.037,-0.0148,-0.012801,-0.003152
19921231,0.095571,0.046833,0.0028,0.0153,0.0164,0.0252,-0.011615,0.030016
19930129,0.029787,0.015671,0.0023,0.0093,0.0203,0.0587,-0.037321,0.081985
19930226,0.030992,0.012041,0.0022,0.0012,-0.0343,0.0642,-0.015975,0.064332
19930331,0.022044,0.014393,0.0025,0.023,0.0023,0.0122,-0.012288,0.045071
19930430,-0.007843,-0.060533,0.0024,-0.0305,-0.007,0.0261,-0.022121,0.05222
19930528,0.185771,0.01632,0.0022,0.0289,0.0196,-0.0341,-0.011857,0.014079
19930630,0.026667,0.028987,0.0025,0.0031,-0.003,0.0261,-0.0197,0.040139
19930730,0.038961,-0.002087,0.0024,-0.0034,0.0093,0.0324,-0.015786,0.03812
19930831,0.095312,0.034871,0.0025,0.0371,0.0032,-0.0045,-0.002369,0.017998
19930930,-0.048502,0.017051,0.0026,-0.0012,0.0311,-0.0045,-0.000567,0.028308
19931029,0.034483,0.024143,0.0022,0.0141,0.0145,-0.0154,-0.008696,0.034355
19931130,0,-0.011337,0.0025,-0.0189,-0.0143,-0.0027,0.016762,-0.027027
19931231,-0.053623,0.018177,0.0023,0.0165,0.0122,0.0057,0.002716,0.010304
19940131,-0.007657,0.002342,0.0025,0.0287,0.0014,0.0209,-0.025029,0.033306
19940228,-0.046296,0.003147,0.0021,-0.0255,0.0273,-0.0144,0.025564,-0.010789
19940331,0.030744,-0.008898,0.0027,-0.0478,-0.0098,0.0131,0.016721,-0.005522
19940429,0.010989,0.032,0.0027,0.0068,-0.0093,0.0168,0.009638,-0.015955
19940531,0,-0.007651,0.0031,0.0058,-0.0202,0.002,0.00312,0.011723
19940630,0,-0.019002,0.0031,-0.0303,-0.0047,0.0168,0.015448,0.014681
19940729,0.217391,0.054563,0.0028,0.0282,-0.0172,0.006,-0.006875,-0.005628
19940831,-0.02551,0.032314,0.0037,0.0401,0.0133,-0.0283,0.014089,-0.021861
19940930,-0.007853,-0.000344,0.0037,-0.0231,0.0282,-0.0191,0.011429,0.039095
19941031,0.068602,0.02975,0.0038,0.0134,-0.0236,-0.0175,0.02828,-0.016658
19941130,0.01358,-0.001306,0.0037,-0.0404,0.0027,-0.0095,0.0259,-0.035259
19941230,-0.00609,0.010867,0.0044,0.0086,0.0003,0.0053,0.00864,-0.029655
19950131,0.205882,0.010729,0.0042,0.018,-0.0265,0.0082,0.006989,0.009314
19950228,-0.094512,0.045835,0.004,0.0363,-0.0069,0.0105,-0.00155,0.014507
19950331,0.016835,0.015251,0.0046,0.0219,-0.007,-0.0107,0.009534,0.014332
19950428,-0.046358,0.014122,0.0044,0.0211,-0.0063,0.0225,0.00062,0.022395
19950531,0.050926,0.070085,0.0054,0.029,-0.022,0.0169,-0.000498,0.013439
19950630,0.03304,0.043005,0.0047,0.0272,0.0293,-0.0227,-0.008816,0.01999
19950731,0.055437,0.022059,0.0045,0.0372,0.0209,-0.0169,-0.008269,0.018049
19950831,0.030303,0.01981,0.0047,0.0055,0.016,0.0271,-0.017458,0.043514
19950929,0.152941,0.059928,0.0043,0.0335,-0.0211,-0.0077,0.020712,0.038946
19951031,0.003401,0.037312,0.0047,-0.0152,-0.0374,-0.0075,0.048709,0.002498
19951130,0.061017,0.04326,0.0042,0.0396,-0.0116,0.0094,-0.0058,-0.009689
19951229,0.025559,-0.002127,0.0049,0.0103,0.0057,0.0085,-0.010857,0.027849
19960131,-0.006231,0.022591,0.0043,0.0226,-0.0261,0.0032,-0.014049,0.050822
19960229,0.112853,0.037969,0.0039,0.0133,0.0187,-0.0143,0.008609,0.012224
19960329,-0.046479,0.00737,0.0039,0.0073,0.013,0.0099,-0.006507,0.040373
19960430,-0.01034,-0.010542,0.0046,0.0206,0.0491,-0.039,0.003203,0.006757
19960531,-0.088536,0.098702,0.0042,0.0236,0.0303,-0.0121,0.003996,0.044576
19960628,0.006634,0.041606,0.004,-0.0114,-0.0358,0.0155,0.025582,0.044365
19960731,0.006348,-0.022854,0.0045,-0.0597,-0.0383,0.0445,0.023521,-0.001981
19960830,0.012966,0.055028,0.0041,0.0277,0.023,-0.0046,-0.004685,0.0076
19960930,0.027201,0.041631,0.0044,0.0501,-0.0088,-0.0315,0.017234,0.017126
19961031,0.007749,0.004451,0.0042,0.0086,-0.0444,0.0512,0.012099,0.03303
19961129,0.024661,0.020868,0.0041,0.0625,-0.0389,0.0116,0.019463,0.007701
19961231,0.026873,0.020782,0.0046,-0.017,0.032,0.009,0.002515,0.024726
19970131,0.020848,0.089945,0.0045,0.0498,-0.0184,-0.0164,0.006047,0.045404
19970228,0.020267,0.026685,0.0039,-0.0049,-0.029,0.0519,0.008893,0.060887
19970331,0.019697,-0.074109,0.0043,-0.0502,-0.0038,0.0381,0.007419,0.031012
19970430,0.049736,0.11325,0.0043,0.0404,-0.0566,-0.0007,0.038088,-0.015411
19970530,0.131698,0.070498,0.0049,0.0674,0.0489,-0.0387,-0.004046,-0.012627
19970630,0.097577,0.027465,0.0037,0.041,0.0132,0.0123,0.006982,0.055819
19970731,1.40E-05,0.016373,0.0043,0.0733,-0.028,0.0084,0.002654,0.007633
19970829,-0.120735,-0.149522,0.0041,-0.0415,0.0731,0.0138,-0.01196,0.023151
19970930,0.079391,0.073282,0.0044,0.0535,0.0261,0.0002,-0.020248,0.080654
19971031,-0.024355,-0.035508,0.0042,-0.038,-0.0068,0.0196,0.007641,0.044768
19971128,0.036332,0.082376,0.0039,0.0298,-0.0494,0.0078,0.033269,0.014388
19971231,0.015594,0.054689,0.0048,0.0132,-0.0235,0.0346,-0.000295,0.059313
19980130,0.093368,-0.021822,0.0043,0.0015,-0.0115,-0.0145,0.015676,-0.006576
19980227,0.109338,0.078377,0.0039,0.0704,0,-0.0013,0.00021,-0.001076
19980331,0.204379,0.110482,0.0039,0.0476,-0.0094,0.0106,-0.010122,0.040252
19980430,0.020875,-0.018541,0.0043,0.0073,0.0021,0.0074,-0.000777,0.030624
19980529,0.03035,0.022834,0.004,-0.0307,-0.0375,0.0416,0.012407,0.016763
19980630,0.107751,0.063772,0.0041,0.0318,-0.0316,-0.0232,0.012121,-0.012033
19980731,-0.10468,-0.057827,0.004,-0.0246,-0.0512,-0.0097,0.02154,-0.002304
19980831,-0.137227,-0.211435,0.0043,-0.1608,-0.053,0.034,0.071901,-0.008449
19980930,-0.014534,-0.067908,0.0046,0.0615,-0.0012,-0.0331,-0.004049,-0.035887
19981030,0.082008,0.159364,0.0032,0.0713,-0.0332,-0.022,0.008745,-0.085588
19981130,0.052492,0.050517,0.0031,0.061,0.0107,-0.0314,-0.001136,-0.036101
19981231,0.03153,-0.0053,0.0038,0.0616,-0.0033,-0.0446,0.004451,-0.027613
19990129,-0.072122,0.02014,0.0035,0.035,0.0039,-0.0403,-0.033757,-0.037157
19990226,0.094479,-0.012844,0.0035,-0.0408,-0.0568,0.014,-0.003392,0.008962
19990331,0.003411,0.010627,0.0043,0.0345,-0.0394,-0.0264,-0.024917,-0.072577
19990430,0.067805,0.053281,0.0037,0.0433,0.0399,0.0251,-0.046149,-0.004371
19990528,-0.058036,-0.021126,0.0034,-0.0246,0.0342,0.024,0.018375,0.035769
19990630,-0.041994,-0.069056,0.004,0.0477,0.0305,-0.0359,0.008891,-0.01427
19990730,-0.019825,0.002091,0.0038,-0.0347,0.0267,-0.0077,0.020725,0.000942
19990831,-0.053733,0.008646,0.0039,-0.0138,-0.0128,-0.0131,0.023488,-0.026572
19990930,-0.135626,-0.140868,0.0039,-0.0281,0.0333,-0.0339,0.008357,-0.044442
19991029,0.157612,0.155805,0.0039,0.0613,-0.0695,-0.0288,0.002974,-0.030874
19991130,-0.103787,0.072702,0.0036,0.0337,0.0738,-0.065,-0.017499,-0.120433
19991231,-0.020694,-0.030512,0.0044,0.0772,0.0715,-0.0867,-0.033716,-0.115639
20000131,-0.088861,-0.022897,0.0041,-0.0474,0.0495,-0.0031,-0.039858,0.027445
20000229,-0.13887,-0.1415,0.0043,0.0245,0.2171,-0.0994,-0.103158,-0.087151
20000331,0.295838,0.053379,0.0047,0.052,-0.1688,0.0737,0.064415,0.025675
20000428,0.038538,-0.009754,0.0046,-0.064,-0.0775,0.086,0.078049,0.045901
20000531,-0.012254,0.063426,0.005,-0.0442,-0.0511,0.0256,0.044202,0.042948
20000630,-0.080182,0.008632,0.004,0.0464,0.1386,-0.0986,-0.051295,-0.096978
20000731,0.025649,0.041576,0.0048,-0.0251,-0.0279,0.0814,0.03724,0.039898
20000831,0.047308,-0.015666,0.005,0.0703,-0.0113,-0.0068,-0.031989,-0.063068
20000929,0.112101,0.052517,0.0051,-0.0545,-0.0139,0.0624,0.0328,0.064062
20001031,-0.007792,0.056048,0.0056,-0.0276,-0.0376,0.0552,0.08423,0.009914
20001130,0.034446,-0.003304,0.0051,-0.1072,-0.0279,0.113,0.129269,0.127719
20001229,0.078028,0.012294,0.005,0.0119,0.0097,0.0733,-0.009932,0.017704
20010131,-0.037516,-0.062819,0.0054,0.0313,0.0657,-0.049,-0.063602,-0.138522
20010228,0.029164,-0.04404,0.0038,-0.1005,-0.0074,0.129,0.080004,0.130646
20010330,-0.069073,-0.080966,0.0042,-0.0726,0.0034,0.0645,0.051979,0.080463
20010430,0.039737,0.006942,0.0039,0.0794,0.0052,-0.0469,-0.025007,-0.050288
20010531,0.008892,0.018581,0.0032,0.0072,0.026,0.0314,-0.012448,0.075898
20010629,0.010446,-0.027133,0.0028,-0.0194,0.0605,-0.0106,0.022883,0.048065
20010731,-0.002744,0.00197,0.003,-0.0213,-0.0435,0.0558,0.050271,0.074216
20010831,0.003382,0.019626,0.0031,-0.0646,0.0249,0.025,0.043929,0.045441
20010928,0.008537,-0.078876,0.0028,-0.0925,-0.0613,0.016,0.065509,0.057399
20011031,0.016281,0.007589,0.0022,0.0246,0.0763,-0.081,-0.016861,-0.081689
20011130,-0.015861,0.037922,0.0017,0.0754,-0.0041,0.02,-0.025403,-0.058714
20011231,0.080304,0.034102,0.0015,0.0161,0.0457,0.011,-0.005572,-0.033869
20020131,-0.023286,-0.014981,0.0014,-0.0144,0.0119,0.0333,0.043547,0.03969
20020228,-0.012078,0.0414,0.0013,-0.0229,-0.011,0.025,0.041313,0.091888
20020328,-0.02564,0.070393,0.0013,0.0424,0.0423,0.011,-0.020709,0.012988
20020430,0.032227,0.032399,0.0015,-0.052,0.0594,0.0393,0.026691,0.113013
20020531,0.015708,0.015842,0.0014,-0.0138,-0.0321,0.0169,0.022139,0.072719
20020628,-0.103418,-0.040124,0.0013,-0.0721,0.0426,0.0013,0.036206,0.077557
20020731,0.022631,-0.044007,0.0015,-0.0818,-0.053,-0.0341,0.063496,-0.008704
20020830,0.068548,0.010182,0.0014,0.005,-0.0244,0.0249,0.010239,0.011513
20020930,0.012034,-0.068629,0.0014,-0.1035,0.0257,0.0131,0.047591,0.04977
20021031,0.003083,0.033034,0.0014,0.0784,-0.029,-0.0546,0.000313,-0.071437
20021129,-0.024682,0.004144,0.0012,0.0596,0.0284,-0.0115,-0.095939,-0.151325
20021231,0.006045,-0.029535,0.0011,-0.0576,0,0.0225,0.046803,0.099466
20030131,-0.07242,-0.029876,0.001,-0.0257,0.0139,-0.0093,-0.000948,0.034661
20030228,-0.085005,-0.015747,0.0009,-0.0188,-0.0034,-0.0145,0.025037,0.008552
20030331,0.034157,0.008021,0.001,0.0109,0.0089,-0.0209,0.004374,0.011346
20030430,0.093832,0.042969,0.001,0.0822,0.0057,0.0103,-0.055514,-0.037986
20030530,0.017127,0.081802,0.0009,0.0605,0.047,-0.003,-0.074219,-0.034936
20030630,0.0215,0.009903,0.001,0.0142,0.0167,0.0066,-0.010105,0.025638
20030731,-0.007419,-0.000826,0.0007,0.0235,0.0525,-0.0115,-0.025016,-0.036084
20030829,0.05237,0.005221,0.0007,0.0234,0.026,0.0203,-0.019671,0.003709
20030930,-0.010733,0.001151,0.0008,-0.0124,0.0079,0.0002,-0.000088,0.020229
20031031,0.037654,0.055759,0.0007,0.0608,0.0268,0.0175,-0.016366,0.003745
20031128,0.076981,0.020275,0.0007,0.0135,0.0201,0.0186,-0.000486,0.047233
20031231,0.005813,0.057542,0.0008,0.0429,-0.0301,0.0242,-0.019192,0.055326
20040130,0.061673,0.009262,0.0007,0.0215,0.028,0.0198,-0.040616,-0.020072
20040227,0.055177,0.027875,0.0006,0.014,-0.0143,0.0049,0.002315,0.051888
20040331,-0.011785,-0.000744,0.0009,-0.0132,0.0175,0.0021,0.019562,0.047805
20040430,0.001235,-0.012173,0.0008,-0.0183,-0.0206,-0.0262,0.036867,-0.004266
20040528,-0.047028,0.024017,0.0006,0.0117,-0.0021,-0.0039,-0.005737,0.003296
20040630,-0.001443,-0.003987,0.0008,0.0186,0.0226,0.0138,-0.004981,0.026511
20040730,-0.019372,-0.055141,0.001,-0.0406,-0.0379,0.0411,0.040243,0.057553
20040831,-0.002376,0.0175,0.0011,0.0008,-0.0163,0.0103,0.002887,0.025791
20040930,-0.0047,-0.013922,0.0011,0.016,0.0304,-0.0025,-0.015885,0.029829
20041029,-0.026948,0.01534,0.0011,0.0143,0.0031,-0.0062,0.007184,0.016609
20041130,-0.006879,0.031521,0.0015,0.0454,0.0391,0.018,-0.025295,0.027068
20041231,0.051212,0.032778,0.0016,0.0343,0.0012,-0.0006,-0.009952,0.012497
20050131,0.022236,-0.009065,0.0016,-0.0276,-0.0152,0.0196,0.015912,0.041147
20050228,0.003972,0.008146,0.0016,0.0189,-0.005,0.0164,-0.000672,0.03295
20050331,-0.038495,-0.017799,0.0021,-0.0197,-0.014,0.0156,0.017867,0.003631
20050429,-0.028687,0.015881,0.0021,-0.0261,-0.04,-0.0035,0.01886,0.01604
20050531,-0.001688,0.0156,0.0024,0.0365,0.0288,-0.0083,0.001,-0.016025
20050630,-0.007543,-0.014752,0.0023,0.0057,0.0262,0.0262,-0.008803,0.036827
20050729,-9.60E-05,0.036782,0.0024,0.0392,0.0293,-0.0051,-0.019347,0.016833
20050831,-0.003831,0.001146,0.003,-0.0122,-0.0092,0.0127,-0.010378,0.002638
20050930,-0.014259,0.013994,0.0029,0.0049,-0.0058,0.0077,-0.011215,0.002525
20051031,0.044542,-0.008847,0.0027,-0.0202,-0.0121,0.0023,0.015903,-0.022714
20051130,0.042243,0.028642,0.0031,0.0361,0.0091,-0.0118,-0.001654,-0.000266
20051230,-0.008251,-0.007252,0.0032,-0.0025,-0.0046,0.0044,-0.021291,0.012264
20060131,0.007833,0.017376,0.0035,0.0304,0.0542,0.0112,-0.030344,0.013306
20060228,-0.02737,0.022755,0.0034,-0.003,-0.0038,-0.0025,-0.009201,0.008087
20060331,0.041267,0.001052,0.0037,0.0146,0.0355,0.0061,-0.009014,0.0111
20060428,-0.015847,0.013716,0.0036,0.0073,-0.0134,0.0259,-0.008064,0.012876
20060531,0.037449,-0.013758,0.0043,-0.0357,-0.0304,0.0255,0.010252,0.002538
20060630,-0.007136,-0.003934,0.004,-0.0035,-0.0035,0.0087,0.013232,-0.000388
20060731,-0.000286,0.015939,0.004,-0.0078,-0.0408,0.0294,0.006882,0.018867
20060831,0.049654,0.02353,0.0042,0.0203,0.009,-0.0172,-0.004393,-0.003689
20060929,-0.004733,0.024112,0.0041,0.0184,-0.0137,0.0005,0.015218,-0.002176
20061031,0.102713,0.031835,0.0041,0.0323,0.0173,-0.0004,-0.016233,0.005017
20061130,0.014326,0.008832,0.0042,0.0171,0.0086,0.0007,-0.009342,0.015297
20061229,0.028128,0.017571,0.004,0.0087,-0.011,0.0316,-0.004404,0.024819
20070131,0.000498,0.003238,0.0044,0.014,0.001,-0.0011,-0.013163,0.01221
20070228,-0.036235,-0.025282,0.0038,-0.0196,0.0132,-0.0009,-0.008998,0.011467
20070330,0.028214,-0.004152,0.0043,0.0068,-0.0006,-0.0022,-0.001394,-0.000408
20070430,0.00047,0.047854,0.0044,0.0349,-0.0206,-0.0115,-0.002589,0.00818
20070531,0.001688,0.030309,0.0041,0.0324,0.0003,-0.0005,0.006575,-0.011888
20070629,-0.001719,-0.036741,0.004,-0.0196,0.0077,-0.0113,0.011073,0.005007
20070731,0.00331,-0.02826,0.004,-0.0373,-0.0251,-0.0334,0.018104,-0.00653
20070831,0.077173,0.020534,0.0042,0.0092,-0.0013,-0.0224,0.015977,-0.030349
20070928,0.005396,0.029935,0.0032,0.0322,-0.0229,-0.0187,-0.012659,0.012086
20071031,0.117709,0.013987,0.0032,0.018,0.0022,-0.0259,-0.005667,0.001586
20071130,0.058891,-0.00601,0.0034,-0.0483,-0.0263,-0.0118,0.041818,-0.041623
20071231,0.010438,-0.034979,0.0027,-0.0087,0.002,-0.0052,0.010832,-0.026534
20080131,-0.039466,-0.019916,0.0021,-0.0636,-0.0089,0.0365,-0.001913,-0.019798
20080229,0.028799,-0.033639,0.0013,-0.0309,-0.0023,-0.0095,0.02161,0.023258
20080331,-0.045943,0.022038,0.0017,-0.0093,0.0094,-0.0015,0.027345,-0.066636
20080430,0.001272,0.030622,0.0018,0.046,-0.0164,-0.0096,-0.009235,-0.017336
20080530,0.006949,-0.002455,0.0018,0.0186,0.0321,-0.0138,0.010175,0.006743
20080630,-0.104691,-0.102602,0.0017,-0.0844,0.0127,-0.0243,0.038089,0.003552
20080731,-0.050193,0.064449,0.0015,-0.0077,0.0247,0.0581,0.000512,-0.067476
20080829,0.01887,0.031308,0.0013,0.0153,0.0361,0.0156,0.026333,-0.014876
20080930,0.122011,0.003646,0.0015,-0.0924,-0.0113,0.0633,0.041527,-0.091759
20081031,-0.118984,-0.1376,0.0008,-0.1723,-0.0233,-0.0289,0.090344,-0.050653
20081128,-0.096197,-0.061043,0.0003,-0.0786,-0.0299,-0.0594,0.085044,-0.037517
20081231,-0.074421,-0.028151,0,0.0174,0.0359,-0.0024,-0.001861,-0.077034
20090130,-0.072385,-0.128278,0,-0.0812,-0.0001,-0.111,0.03634,0.118737
20090227,-0.128241,-0.158984,0.0001,-0.101,0.0017,-0.0725,0.057642,-0.004157
20090331,0.102056,0.078769,0.0002,0.0895,-0.0009,0.0353,-0.036745,-0.02708
20090430,0.085035,0.142804,0.0001,0.1019,0.0483,0.0546,-0.0727,-0.076438
20090529,-0.027035,0.092522,0,0.0521,-0.0233,-0.0021,-0.064892,0.063674
20090630,-0.020031,-0.019764,0.0001,0.0043,0.0261,-0.0271,0.028222,0.090226
20090731,0.084173,0.071065,0.0001,0.0772,0.0207,0.0528,-0.041814,-0.0356
20090831,0.037637,0.043583,0.0001,0.0333,-0.009,0.0776,-0.069982,-0.020036
20090930,0.004554,0.024094,0.0001,0.0408,0.0245,0.0092,-0.021414,-0.002507
20091030,-0.017349,-0.001122,0,-0.0259,-0.0422,-0.0417,0.056634,0.007793
20091130,0.0178,0.09033,0,0.0556,-0.0249,-0.0017,-0.003358,-0.011979
20091231,-0.015851,-0.005361,0.0001,0.0275,0.0611,0.0001,-0.002962,0.010081
20100129,0.157698,-0.003362,0,-0.0336,0.0038,0.0031,-0.006986,0.010646
20100226,0.046345,0.000118,0,0.034,0.012,0.0316,-0.006428,0.008102
20100331,0.01589,0.058958,0.0001,0.0631,0.0142,0.021,-0.03202,0.014877
20100430,-0.052928,0.026461,0.0001,0.02,0.0498,0.0281,-0.035076,0.014285
20100528,-0.082437,-0.08027,0.0001,-0.0789,0.0005,-0.0238,0.027839,-0.005808
20100630,0.131672,-0.044278,0.0001,-0.0556,-0.0197,-0.045,0.029331,0.022385
20100730,-0.022927,0.076254,0.0001,0.0693,0.0016,-0.0027,-0.017392,-0.022876
20100831,0.012013,-0.049595,0.0001,-0.0477,-0.03,-0.0195,0.011074,0.01556
20100930,0.049255,0.056067,0.0001,0.0954,0.0392,-0.0312,-0.00332,-0.011896
20101029,-0.040128,0.035203,0.0001,0.0388,0.0115,-0.0259,0.004089,0.021475
20101130,0.005084,0.013926,0.0001,0.006,0.037,-0.009,-0.003232,-0.004422
20101231,0.003468,0.059192,0.0001,0.0682,0.007,0.0381,-0.046387,-0.000299
20110131,0.018105,0.001163,0.0001,0.0199,-0.0247,0.0081,-0.012068,0.029565
20110228,0.070456,0.014595,0.0001,0.0349,0.0152,0.0109,-0.009476,0.006887
20110331,-0.044041,0.008942,0.0001,0.0045,0.026,-0.0155,0.016826,0.004243
20110429,-0.0042,0.018362,0,0.029,-0.0034,-0.0251,0.01227,0.004866
20110531,-0.049131,0.00296,0,-0.0127,-0.007,-0.0206,0.028199,0.014707
20110630,-0.021951,-0.003402,0,-0.0175,-0.0018,-0.0031,0.02966,0.006404
20110729,-0.040497,-0.013137,0,-0.0236,-0.0131,-0.0123,0.009262,-0.002957
20110831,-0.015632,-0.009182,0.0001,-0.0599,-0.0306,-0.0244,0.060079,0.007976
20110930,-0.026962,-0.049473,0,-0.0759,-0.0348,-0.0146,0.068872,0.019359
20111031,0.095453,0.059112,0,0.1135,0.0341,-0.0017,-0.041402,-0.060222
20111130,0.012524,0.002742,0,-0.0028,-0.0017,-0.0035,0.032678,0.003781
20111230,-0.031444,0.022051,0,0.0074,-0.0071,0.0174,0.010241,0.012579
20120131,0.027411,0.020239,0,0.0505,0.0215,-0.0109,-0.042623,0.007331
20120229,0.000483,0.043794,0,0.0442,-0.0175,0.0009,-0.008037,0.025314
20120330,0.03397,0.058025,0,0.0311,-0.0061,0.0087,0.005352,0.038839
20120430,-0.008851,0.001332,0,-0.0085,-0.0052,-0.0047,0.01148,0.028203
20120531,-0.015017,-0.038532,0.0001,-0.0619,0.0002,-0.0062,0.032707,0.022738
20120629,0.050734,0.039497,0,0.0389,0.0077,0.0044,-0.010173,0.010443
20120731,0.019185,0.019698,0,0.0079,-0.0258,-0.0025,0.01167,0.010727
20120831,-0.006487,-0.003478,0.0001,0.0255,0.0041,0.0128,-0.008199,-0.008755
20120928,0.047311,0.025596,0.0001,0.0273,0.005,0.0152,-0.015687,0.008588
20121031,-0.02272,-0.016009,0.0001,-0.0176,-0.0114,0.0379,-0.019465,0.0235
20121130,0.019239,-0.001876,0.0001,0.0078,0.0059,-0.0096,0.011561,-0.011561
20121231,0.017203,0.003217,0.0001,0.0118,0.0147,0.0355,-0.024331,-0.009626
20130131,0.084784,0.041481,0,0.0557,0.0039,0.0092,-0.021462,0.044956
20130228,0.049581,0.014582,0,0.0129,-0.0045,0,0.005336,0.018244
20130328,0.022271,0.05765,0,0.0403,0.0079,-0.0026,-0.006394,0.024043
20130430,0.018748,0.009981,0,0.0155,-0.0244,0.0059,-0.006252,0.016645
20130531,0.075316,0.034709,0,0.028,0.0167,0.0255,-0.006832,-0.014202
20130628,-0.017174,-0.014259,0,-0.012,0.0122,-0.0019,0.014067,0.019888
20130731,0.033197,0.029293,0,0.0565,0.0186,0.0055,-0.013564,0.016955
20130830,-0.039729,-0.042817,0,-0.0271,0.003,-0.0278,0.006452,-0.002953
20130930,0.020338,0.02058,0,0.0377,0.0294,-0.0118,-0.009012,0.008842
20131031,0.014579,0.034972,0,0.0418,-0.0149,0.0115,0.017379,0.028447
20131129,0.011261,0.033962,0,0.0312,0.0124,0.0024,0.012859,0.018275
20131231,0.017739,0.031358,0,0.0281,-0.005,-0.003,-0.015757,0.002983
20140131,-0.052631,-0.047871,0,-0.0332,0.0087,-0.0208,-0.036152,0.020358
20140228,0.03074,0.039863,0,0.0465,0.0033,-0.0039,-0.013063,-0.001371
20140331,0.078933,0.022289,0,0.0043,-0.0189,0.0509,0.01806,0.015795
20140430,0.031349,0.008761,0,-0.0019,-0.0425,0.0114,0.007132,0.00384
20140530,-0.005335,0.010844,0,0.0206,-0.0183,-0.0026,0.002033,0.010688
20140630,-0.012343,0.022053,0,0.0261,0.0306,-0.0074,-0.024197,-0.003402
20140731,-0.009151,-0.026436,0,-0.0204,-0.0423,0.0001,0.015438,0.009932
20140829,0.094313,0.029939,0,0.0424,0.0037,-0.0057,-0.00637,0.016658
20140930,0.005706,-0.003279,0,-0.0197,-0.0382,-0.0122,0.034194,0.024922
20141031,0.014806,-0.002104,0,0.0252,0.0423,-0.0169,0.0404,0.020787
20141128,0.061548,0.032995,0,0.0255,-0.0206,-0.0299,0.025825,0.023957
20141231,0.01151,-0.008999,0,-0.0006,0.0254,0.0207,-0.00061,0.004133
20150130,-0.043226,-0.055309,0,-0.0311,-0.0057,-0.0347,-0.010532,0.026431
20150227,0.024473,0.046867,0,0.0613,0.0053,-0.0177,0.005871,-0.020311
20150331,-0.018772,-0.017879,0,-0.0112,0.0305,-0.0045,0.000072,0.012889
20150430,-0.020191,0.009811,0,0.0059,-0.0297,0.0185,-0.008626,-0.019722
20150529,0.009594,0.012507,0,0.0136,0.0094,-0.0133,-0.001906,0.024579
20150630,-0.047248,-0.01668,0,-0.0153,0.0281,-0.0081,0.021995,0.01912
20150731,0.046677,0.016713,0,0.0154,-0.0415,-0.0414,0.020557,0.050623
20150831,-0.057258,-0.054671,0,-0.0604,0.0049,0.0269,0.018137,-0.01526
20150930,-0.031541,-0.018896,0,-0.0308,-0.0264,0.0053,0.054372,0.05403
20151030,0.045478,0.049254,0,0.0775,-0.0198,-0.0009,0.006167,-0.011226
20151130,-0.014994,0.001451,0,0.0056,0.0364,-0.0051,0.003124,0.013276
20151231,-0.016469,-0.012024,0.0001,-0.0217,-0.0281,-0.0257,0.010628,0.025805
20160129,-0.01729,-0.039084,0.0001,-0.0577,-0.0339,0.021,0.078182,0.008085
20160229,0.037978,-0.004873,0.0002,-0.0007,0.0078,-0.0048,0.026365,-0.005531
20160331,0.055651,0.064007,0.0002,0.0696,0.0089,0.0114,-0.022656,-0.025412
20160429,0.025682,0.002069,0.0001,0.0092,0.0067,0.0325,-0.049629,-0.026201
20160531,-0.033661,0.027762,0.0001,0.0178,-0.0026,-0.018,0.004737,0.02162
20160630,0.027634,-0.007032,0.0002,-0.0005,0.0065,-0.0149,0.004499,0.028591
20160729,-0.004034,0.009565,0.0002,0.0395,0.0264,-0.0113,-0.001196,0.02341
20160831,0.044129,0.024331,0.0002,0.005,0.0117,0.0334,0.002454,-0.018342
20160930,-0.041085,-0.02402,0.0002,0.0025,0.0201,-0.0149,-0.034191,-0.002474
20161031,-0.001766,0.003276,0.0002,-0.0202,-0.0436,0.0416,0.034073,0.012016
20161130,0.094743,0.035223,0.0001,0.0486,0.0548,0.0827,0.008847,-0.016273
20161230,0.032729,0.037166,0.0003,0.0182,0.0008,0.0361,0.01879,0.038289
20170131,0.007356,0.021025,0.0004,0.0194,-0.0105,-0.0268,-0.025441,0.000021
20170228,0.044759,0.037617,0.0004,0.0357,-0.0199,-0.0179,0.00924,0.019507
20170331,-0.027909,-0.014114,0.0003,0.0017,0.012,-0.0317,0.006562,0.013929
